{
  "project_info": {
    "project_number": "1083119639392",
    "firebase_url": "https://frontpage-b2596.firebaseio.com",
    "project_id": "frontpage-b2596",
    "storage_bucket": "frontpage-b2596.appspot.com"
  },
  "client": [
    {
      "client_info": {
        "mobilesdk_app_id": "1:1083119639392:android:fed22d043ef45ed4",
        "android_client_info": {
          "package_name": "com.example.harkirankaur.myproject"
        }
      },
      "oauth_client": [
        {
          "client_id": "1083119639392-7pt2f580cmrdbnarnn01mf8e99f3ccnc.apps.googleusercontent.com",
          "client_type": 1,
          "android_info": {
            "package_name": "com.example.harkirankaur.myproject",
            "certificate_hash": "e339b91e16755e0a75021b83a0e374ed9fc58951"
          }
        },
        {
          "client_id": "1083119639392-8i9ogbo7pl0a7lef1aiep0uvfp32e8uh.apps.googleusercontent.com",
          "client_type": 3
        }
      ],
      "api_key": [
        {
          "current_key": "AIzaSyA6qRd7ZwoXitsyQjDA8QyPgqNH7GvFAYk"
        }
      ],
      "services": {
        "analytics_service": {
          "status": 1
        },
        "appinvite_service": {
          "status": 2,
          "other_platform_oauth_client": [
            {
              "client_id": "1083119639392-8i9ogbo7pl0a7lef1aiep0uvfp32e8uh.apps.googleusercontent.com",
              "client_type": 3
            }
          ]
        },
        "ads_service": {
          "status": 2
        }
      }
    }
  ],
  "configuration_version": "1"
}